,Location,Period,Gender,Life_Expectancy,Healthy_Life_Expectancy,%Mrt30_70_crdo_cncr_dbts_rsprtry,Suicide100000,Ttl_alc_percapita_15+,Posioning100000,Smoking15+
1,Albania,2015,Male,76.1,67.99,20.9,7.6,10.92,0.48,51.4
2,Albania,2015,Female,79.69,70.12,13.7,4.4,2.53,0.37,8.3
4,Albania,2010,Male,74.23,66.34,22.3,9.5,12.47,0.59,53.2
5,Albania,2010,Female,78.31,68.85,14.6,6.1,2.98,0.44,9.1
7,Albania,2000,Male,70.65,63.15,23.1,7.4,10.6,1.29,57.4
8,Albania,2000,Female,76.92,67.69,14.9,3.5,2.5,0.74,11.1
10,Algeria,2015,Male,75.65,66.33,15.4,4.8,1.61,0.97,37.0
11,Algeria,2015,Female,77.5,65.67,13.3,1.7,0.25,0.63,1.5
13,Algeria,2010,Male,74.95,65.85,16.4,4.9,1.12,1.05,38.3
14,Algeria,2010,Female,76.79,65.22,14.4,1.8,0.18,0.68,1.8
16,Algeria,2000,Male,70.94,62.63,23.1,5.6,1.0,1.43,42.4
17,Algeria,2000,Female,73.54,62.8,19.1,2.5,0.16,1.06,2.4
19,Argentina,2015,Male,72.92,64.94,20.2,14.5,14.79,0.78,31.3
20,Argentina,2015,Female,79.3,68.7,12.4,3.4,4.66,0.52,17.9
22,Argentina,2010,Male,72.14,64.37,22.8,14.3,14.09,0.85,37.2
23,Argentina,2010,Female,78.63,68.17,13.2,3.3,4.43,0.58,22.9
25,Argentina,2000,Male,70.34,62.83,26.9,15.6,13.66,1.06,53.5
26,Argentina,2000,Female,77.83,67.46,14.7,3.7,4.17,0.65,39.0
28,Armenia,2015,Male,70.88,63.67,31.6,11.5,9.63,0.95,54.1
29,Armenia,2015,Female,77.83,68.14,15.7,3.0,2.69,0.42,1.7
31,Armenia,2010,Male,69.39,62.36,35.1,10.1,9.4,1.01,58.2
32,Armenia,2010,Female,76.61,67.18,17.9,2.4,2.63,0.43,1.9
34,Armenia,2000,Male,68.59,61.19,35.4,5.5,7.02,1.4,66.1
35,Armenia,2000,Female,74.91,65.64,21.0,1.3,1.92,0.5,2.6
37,Australia,2015,Male,80.41,69.74,11.3,20.4,16.44,0.24,20.3
38,Australia,2015,Female,84.17,71.4,7.3,7.2,5.33,0.16,15.1
40,Australia,2010,Male,79.84,69.16,12.1,18.6,18.73,0.26,22.9
41,Australia,2010,Female,83.99,71.19,7.8,6.3,6.13,0.18,17.9
43,Australia,2000,Male,77.13,67.16,16.1,20.4,17.86,0.28,29.9
44,Australia,2000,Female,82.24,69.97,10.0,6.1,5.73,0.19,25.2
46,Austria,2015,Male,78.6,69.17,14.6,24.9,18.7,0.32,33.2
47,Austria,2015,Female,83.29,71.56,8.5,7.5,5.82,0.16,29.7
49,Austria,2010,Male,77.65,68.34,15.8,25.0,18.96,0.36,38.8
50,Austria,2010,Female,82.99,71.4,8.7,7.5,5.89,0.17,33.5
52,Austria,2000,Male,75.09,66.35,20.0,30.0,20.42,0.35,53.0
53,Austria,2000,Female,80.98,69.81,10.7,10.5,6.37,0.18,43.1
55,Azerbaijan,2015,Male,67.94,61.5,29.1,4.3,7.82,0.83,41.1
56,Azerbaijan,2015,Female,73.43,64.72,16.4,1.1,1.52,0.34,0.2
58,Azerbaijan,2010,Male,66.29,60.06,31.3,5.0,5.07,1.19,45.3
59,Azerbaijan,2010,Female,71.83,63.41,18.9,1.2,0.99,0.39,0.2
61,Azerbaijan,2000,Male,62.57,56.62,36.1,3.5,5.99,1.47,55.9
62,Azerbaijan,2000,Female,68.5,60.41,22.9,0.9,1.14,0.64,0.4
64,Bahamas,2015,Male,69.73,62.18,18.8,3.0,7.24,0.16,18.5
65,Bahamas,2015,Female,76.08,66.16,12.8,0.5,2.03,0.13,3.4
67,Bahamas,2010,Male,69.64,62.2,20.3,3.4,6.55,0.18,18.4
68,Bahamas,2010,Female,76.25,66.41,13.8,0.6,1.85,0.15,3.8
70,Bahamas,2000,Male,67.64,60.57,23.9,3.4,8.82,0.29,18.7
71,Bahamas,2000,Female,74.19,64.78,16.7,0.7,2.59,0.22,4.8
73,Bahrain,2015,Male,75.87,66.55,11.4,8.3,1.8,0.27,41.8
74,Bahrain,2015,Female,77.27,65.55,12.2,2.0,0.38,0.09699999999999999,9.1
76,Bahrain,2010,Male,73.85,65.28,14.2,6.9,2.33,0.27,42.2
77,Bahrain,2010,Female,75.34,64.35,13.7,2.4,0.49,0.13,9.9
79,Bahrain,2000,Male,69.55,61.98,22.7,9.4,2.53,0.61,44.1
80,Bahrain,2000,Female,71.77,61.63,24.3,3.1,0.54,0.26,12.0
82,Bangladesh,2015,Male,72.5,63.82,22.7,4.7,0.036000000000000004,0.38,61.3
83,Bangladesh,2015,Female,74.79,63.74,20.7,7.4,0.006,0.24,20.2
85,Bangladesh,2010,Male,68.63,60.83,22.4,4.3,0.28,0.58,62.4
86,Bangladesh,2010,Female,72.22,61.71,21.9,8.5,0.044000000000000004,0.35,24.7
88,Bangladesh,2000,Male,64.07,56.62,19.7,5.7,0.39,0.54,65.3
89,Bangladesh,2000,Female,67.36,57.55,23.1,7.7,0.061,0.19,37.8
91,Barbados,2015,Male,75.01,66.84,19.9,1.0,15.38,0.24,15.4
92,Barbados,2015,Female,77.36,67.55,13.1,0.5,3.93,0.18,2.4
94,Barbados,2010,Male,74.46,66.44,22.0,3.0,13.09,0.25,16.1
95,Barbados,2010,Female,77.2,67.52,14.6,1.3,3.35,0.19,2.6
97,Barbados,2000,Male,72.13,64.61,25.1,3.7,11.69,0.35,17.9
98,Barbados,2000,Female,76.72,67.22,17.6,0.6,3.0,0.22,3.1
100,Belarus,2015,Male,68.56,61.22,36.4,47.0,19.5,4.42,45.3
101,Belarus,2015,Female,78.79,68.68,14.4,8.3,5.72,1.14,10.7
103,Belarus,2010,Male,64.55,57.91,45.2,68.1,27.68,5.52,50.7
104,Belarus,2010,Female,76.41,66.74,18.4,12.3,8.83,1.66,11.2
106,Belarus,2000,Male,63.28,56.63,47.2,76.6,24.47,10.36,62.1
107,Belarus,2000,Female,74.61,65.16,22.1,13.5,7.26,2.65,12.4
109,Belgium,2015,Male,78.48,69.11,14.4,27.0,18.33,0.26,27.9
110,Belgium,2015,Female,82.86,70.83,8.8,13.4,5.62,0.21,23.4
112,Belgium,2010,Male,77.24,68.0,16.2,29.3,17.71,0.29,30.0
113,Belgium,2010,Female,82.38,70.36,9.6,13.6,5.4,0.23,24.0
115,Belgium,2000,Male,74.54,66.12,20.1,31.9,19.41,0.46,34.7
116,Belgium,2000,Female,80.74,69.52,10.6,14.0,5.96,0.32,25.2
118,Benin,2015,Male,59.66,53.18,20.0,13.9,4.79,4.4,14.2
119,Benin,2015,Female,64.25,55.39,19.4,6.0,1.21,2.76,2.3
121,Benin,2010,Male,58.03,51.74,20.1,13.4,4.0,4.49,17.6
122,Benin,2010,Female,62.88,54.25,19.5,5.9,1.01,2.74,3.2
124,Benin,2000,Male,54.31,48.44,20.8,13.2,4.0,4.59,27.7
125,Benin,2000,Female,58.77,50.69,19.3,6.0,1.02,2.58,6.4
127,Bosnia and Herzegovina,2015,Male,73.94,65.42,23.6,14.3,11.46,0.62,48.0
128,Bosnia and Herzegovina,2015,Female,78.65,68.47,13.2,3.7,2.62,0.44,31.1
130,Bosnia and Herzegovina,2010,Male,73.85,65.4,26.6,12.9,12.09,0.88,50.7
131,Bosnia and Herzegovina,2010,Female,78.47,68.5,15.7,3.3,2.81,0.52,32.1
133,Bosnia and Herzegovina,2000,Male,72.6,64.21,30.5,17.3,10.56,1.7,57.7
134,Bosnia and Herzegovina,2000,Female,78.03,67.97,18.8,4.4,2.42,0.74,35.0
136,Botswana,2015,Male,57.83,50.94,23.7,14.8,11.31,1.22,37.2
137,Botswana,2015,Female,63.93,54.59,18.2,4.6,2.6,1.14,11.9
139,Botswana,2010,Male,55.14,48.75,25.6,17.1,14.22,1.5,37.3
140,Botswana,2010,Female,61.36,52.55,19.5,5.3,3.25,1.33,15.5
142,Botswana,2000,Male,43.9,39.18,27.6,19.7,15.02,2.05,37.7
143,Botswana,2000,Female,47.77,41.4,19.6,4.1,3.39,1.14,26.6
145,Brazil,2015,Male,71.67,62.76,20.5,9.9,12.5,0.25,24.0
146,Brazil,2015,Female,78.64,66.65,13.8,3.2,3.46,0.16,13.0
148,Brazil,2010,Male,70.57,61.99,23.0,8.7,13.48,0.25,28.8
149,Brazil,2010,Female,77.68,65.95,15.4,2.8,3.76,0.17,15.9
151,Brazil,2000,Male,67.9,59.6,29.2,7.6,13.93,0.38,41.6
152,Brazil,2000,Female,75.18,63.82,20.0,2.0,3.88,0.25,24.1
154,Brunei Darussalam,2015,Male,73.38,65.16,18.7,6.2,0.69,0.44,28.7
155,Brunei Darussalam,2015,Female,75.5,66.28,15.3,2.6,0.22,0.23,2.8
157,Brunei Darussalam,2010,Male,73.35,65.09,19.0,5.3,0.76,0.41,28.9
158,Brunei Darussalam,2010,Female,75.84,66.46,15.8,2.0,0.24,0.2,3.3
160,Brunei Darussalam,2000,Male,70.86,63.12,22.6,4.1,0.34,0.4,29.8
161,Brunei Darussalam,2000,Female,73.68,64.76,18.3,1.4,0.11,0.21,4.9
163,Bulgaria,2015,Male,71.17,63.53,32.2,18.1,19.69,0.84,45.3
164,Bulgaria,2015,Female,78.04,68.36,15.7,5.1,5.52,0.42,35.7
166,Bulgaria,2010,Male,70.19,62.72,33.7,19.4,18.02,1.03,49.4
167,Bulgaria,2010,Female,77.23,67.77,16.8,6.0,5.06,0.5,36.8
169,Bulgaria,2000,Male,68.4,61.19,36.9,27.2,18.93,2.15,59.9
170,Bulgaria,2000,Female,74.97,66.0,20.2,10.2,5.15,0.91,39.2
172,Burkina Faso,2015,Male,58.24,51.86,22.6,10.2,19.87,3.45,25.9
173,Burkina Faso,2015,Female,63.45,54.76,21.4,5.3,4.14,2.62,8.9
175,Burkina Faso,2010,Male,56.19,49.76,23.1,10.3,14.49,3.09,28.1
176,Burkina Faso,2010,Female,60.79,52.52,21.8,4.8,3.02,2.23,12.7
178,Burkina Faso,2000,Male,49.92,43.9,24.0,11.7,14.26,3.51,33.2
179,Burkina Faso,2000,Female,53.14,45.74,21.5,4.8,3.04,2.11,26.6
181,Burundi,2015,Male,59.84,52.37,23.0,13.1,11.59,6.92,20.1
182,Burundi,2015,Female,64.26,55.56,22.7,4.8,2.74,3.74,7.2
184,Burundi,2010,Male,56.86,49.63,22.5,12.9,12.61,6.86,22.3
185,Burundi,2010,Female,60.32,52.11,23.1,5.2,2.98,3.58,8.7
187,Burundi,2000,Male,41.79,36.64,22.3,9.4,16.16,5.71,28.1
188,Burundi,2000,Female,45.85,39.68,24.7,4.8,3.86,3.03,13.1
190,Cambodia,2015,Male,66.2,58.95,24.0,7.8,10.46,0.75,41.9
191,Cambodia,2015,Female,71.89,62.37,19.4,2.9,2.63,0.55,7.6
193,Cambodia,2010,Male,64.19,57.2,24.9,7.8,8.08,0.92,50.5
194,Cambodia,2010,Female,70.01,60.67,20.3,3.2,2.04,0.72,10.7
196,Cambodia,2000,Male,56.03,49.81,27.7,7.7,3.08,1.72,67.7
197,Cambodia,2000,Female,61.24,52.93,23.7,3.6,0.79,1.26,21.2
199,Cameroon,2015,Male,57.29,50.92,22.6,17.3,9.8,4.19,17.5
200,Cameroon,2015,Female,60.99,52.68,21.0,7.3,2.59,2.31,1.3
202,Cameroon,2010,Male,55.09,48.98,22.6,16.4,13.39,4.44,17.5
203,Cameroon,2010,Female,58.09,50.17,21.1,6.9,3.53,2.34,1.7
205,Cameroon,2000,Male,51.34,45.4,24.6,17.9,10.7,4.96,17.6
206,Cameroon,2000,Female,54.35,46.74,24.5,8.8,2.78,2.76,2.8
208,Canada,2015,Male,79.88,70.41,11.8,18.2,13.87,0.33,25.6
209,Canada,2015,Female,83.58,71.85,8.3,7.0,4.04,0.28,14.4
211,Canada,2010,Male,79.26,69.92,13.2,19.0,15.76,0.4,30.9
212,Canada,2010,Female,83.27,71.69,9.1,7.1,4.61,0.26,18.5
214,Chad,2015,Male,56.22,49.79,24.4,10.2,2.39,4.88,21.6
215,Chad,2015,Female,59.63,51.29,23.8,7.5,0.53,2.46,2.8
217,Chad,2010,Male,53.93,47.73,24.7,9.5,10.87,4.99,22.2
218,Chad,2010,Female,57.43,49.4,24.2,7.9,2.35,2.43,3.8
220,Chad,2000,Male,49.26,43.72,25.4,8.8,7.21,5.61,23.5
221,Chad,2000,Female,52.98,45.73,23.4,7.2,1.54,2.19,7.4
223,Chile,2015,Male,76.98,68.14,15.0,17.5,14.2,0.31,50.1
224,Chile,2015,Female,82.51,70.66,10.2,4.4,4.49,0.11,41.6
226,Chile,2010,Male,75.48,67.02,16.0,19.9,14.3,0.34,52.5
227,Chile,2010,Female,81.3,69.82,10.9,4.7,4.49,0.12,44.1
229,Chile,2000,Male,73.64,65.43,17.6,18.8,11.96,0.47,57.1
230,Chile,2000,Female,79.77,68.47,12.0,3.1,3.7,0.16,49.7
232,China,2015,Male,73.85,66.6,20.2,8.9,11.09,1.14,48.7
233,China,2015,Female,79.87,69.65,14.4,10.3,3.04,1.63,2.0
235,China,2010,Male,72.26,65.35,20.8,9.3,11.04,1.14,50.9
236,China,2010,Female,77.94,68.23,15.1,12.5,2.95,1.55,2.3
238,China,2000,Male,69.34,62.71,24.6,11.2,6.02,1.53,55.1
239,China,2000,Female,74.15,64.86,18.1,15.4,1.52,1.46,3.2
241,Colombia,2015,Male,75.63,66.64,18.5,13.4,9.36,0.54,13.5
242,Colombia,2015,Female,81.01,69.91,13.7,3.3,2.39,0.2,4.4
244,Colombia,2010,Male,74.0,65.18,19.8,11.7,8.16,0.48,16.2
245,Colombia,2010,Female,80.15,69.1,15.1,2.7,2.08,0.2,5.8
247,Colombia,2000,Male,69.71,61.42,22.9,11.8,9.04,0.5,23.2
248,Colombia,2000,Female,77.85,66.91,18.6,3.5,2.3,0.25,10.5
250,Comoros,2015,Male,65.07,57.61,24.8,9.9,1.53,2.86,31.7
251,Comoros,2015,Female,67.84,58.77,21.3,3.6,0.23,2.0,11.9
253,Comoros,2010,Male,63.6,56.39,25.3,9.7,0.44,3.01,34.8
254,Comoros,2010,Female,66.35,57.53,21.8,3.4,0.066,2.06,18.3
256,Comoros,2000,Male,60.15,53.15,27.3,7.2,0.33,3.91,43.1
257,Comoros,2000,Female,62.86,54.38,24.7,2.9,0.05,2.56,44.3
259,Congo,2015,Male,62.56,55.29,16.1,8.7,12.47,1.52,27.8
260,Congo,2015,Female,63.59,54.49,17.8,3.5,3.38,1.08,2.2
262,Congo,2010,Male,60.99,53.85,17.8,10.2,9.73,1.87,24.2
263,Congo,2010,Female,60.85,52.21,20.1,4.5,2.63,1.31,2.7
265,Congo,2000,Male,51.54,45.48,24.0,13.9,5.45,2.95,18.4
266,Congo,2000,Female,52.58,45.18,25.6,6.1,1.48,1.92,4.0
268,Costa Rica,2015,Male,78.16,68.67,13.7,13.4,7.59,0.45,16.1
269,Costa Rica,2015,Female,83.47,71.44,9.5,2.4,1.96,0.13,5.5
271,Costa Rica,2010,Male,76.98,67.86,15.2,14.7,7.65,0.56,19.0
272,Costa Rica,2010,Female,82.22,70.55,10.8,2.5,1.97,0.14,6.7
274,Costa Rica,2000,Male,75.47,66.84,16.4,12.8,8.88,0.51,26.5
275,Costa Rica,2000,Female,80.63,69.28,11.9,1.7,2.25,0.15,10.0
277,Côte d’Ivoire,2015,Male,57.98,51.27,28.5,20.5,4.14,5.11,25.6
278,Côte d’Ivoire,2015,Female,62.96,54.09,30.3,8.2,1.01,2.88,2.0
280,Côte d’Ivoire,2010,Male,54.81,48.51,27.7,18.3,4.01,5.01,28.5
281,Côte d’Ivoire,2010,Female,58.94,50.71,29.8,6.9,0.96,2.66,2.7
283,Côte d’Ivoire,2000,Male,48.94,43.3,25.2,13.7,11.37,4.32,35.3
284,Côte d’Ivoire,2000,Female,52.31,44.96,27.5,5.0,2.69,2.04,5.5
286,Croatia,2015,Male,74.3,65.78,23.5,26.8,14.48,0.21,38.7
287,Croatia,2015,Female,80.73,69.93,11.1,9.4,4.15,0.16,33.9
289,Croatia,2010,Male,73.41,65.1,25.6,28.4,16.02,0.21,39.6
290,Croatia,2010,Female,79.91,69.44,12.4,9.4,4.69,0.16,31.6
292,Croatia,2000,Male,70.74,62.89,30.8,33.0,19.74,0.36,42.0
293,Croatia,2000,Female,77.88,67.89,15.4,10.4,5.86,0.21,27.8
295,Cuba,2015,Male,75.7,66.93,19.1,21.8,8.99,0.15,42.3
296,Cuba,2015,Female,80.19,69.19,14.0,5.6,2.37,0.49,16.5
298,Cuba,2010,Male,75.55,66.96,20.0,22.7,7.96,0.16,47.7
299,Cuba,2010,Female,79.82,68.98,15.1,6.1,2.1,0.47,21.0
301,Cuba,2000,Male,74.59,66.16,20.4,24.7,7.97,0.35,60.9
302,Cuba,2000,Female,79.04,68.14,15.8,10.0,2.0,0.36,34.2
304,Cyprus,2015,Male,79.89,70.86,15.4,7.3,16.84,0.13,52.1
305,Cyprus,2015,Female,84.12,72.37,7.6,2.5,4.75,0.07400000000000001,23.0
307,Cyprus,2010,Male,78.93,70.02,15.8,8.7,17.56,0.18,55.2
308,Cyprus,2010,Female,83.1,71.54,7.9,2.7,5.22,0.087,22.4
310,Cyprus,2000,Male,76.53,68.28,18.4,2.8,16.68,0.25,63.3
311,Cyprus,2000,Female,80.99,69.96,9.8,1.6,5.0,0.14,21.6
313,Czechia,2015,Male,75.57,66.36,20.7,22.6,21.96,0.42,36.4
314,Czechia,2015,Female,81.3,70.17,10.6,5.0,6.91,0.19,27.7
316,Czechia,2010,Male,74.41,65.57,23.7,26.0,21.64,0.51,37.8
317,Czechia,2010,Female,80.65,69.86,11.9,5.2,6.86,0.19,27.9
319,Czechia,2000,Male,71.53,63.56,30.5,27.5,23.23,0.66,40.7
320,Czechia,2000,Female,78.29,68.25,15.3,7.0,7.36,0.25,28.9
322,Democratic People's Republic of Korea,2015,Male,68.42,62.58,34.6,14.3,6.32,2.1,38.3
323,Democratic People's Republic of Korea,2015,Female,74.78,65.86,17.9,8.7,1.48,1.79,0.0
325,Democratic People's Republic of Korea,2010,Male,66.93,61.3,36.2,14.6,6.25,2.48,39.6
326,Democratic People's Republic of Korea,2010,Female,73.09,64.49,19.4,9.3,1.47,2.13,0.0
328,Democratic People's Republic of Korea,2000,Male,60.79,55.99,32.2,12.3,5.82,2.61,43.4
329,Democratic People's Republic of Korea,2000,Female,66.84,59.38,17.1,7.9,1.4,1.68,0.0
331,Denmark,2015,Male,78.8,70.09,13.5,15.5,15.95,0.18,21.1
332,Denmark,2015,Female,82.35,70.93,9.9,8.4,4.91,0.14,20.6
334,Denmark,2010,Male,77.2,68.78,15.5,16.8,16.94,0.26,26.4
335,Denmark,2010,Female,81.1,70.02,11.4,8.7,5.22,0.17,24.1
337,Denmark,2000,Male,74.66,66.73,20.9,22.9,19.46,0.36,41.8
338,Denmark,2000,Female,79.13,68.34,15.8,9.4,6.13,0.24,33.3
340,Dominican Republic,2015,Male,68.62,61.25,21.7,16.2,10.55,0.4,12.5
341,Dominican Republic,2015,Female,75.2,65.39,16.5,3.1,2.77,0.36,8.5
343,Dominican Republic,2010,Male,70.43,62.74,22.0,13.1,9.75,0.41,14.8
344,Dominican Republic,2010,Female,76.14,66.17,17.2,3.0,2.54,0.37,10.5
346,Dominican Republic,2000,Male,70.22,62.12,24.0,15.0,11.49,0.64,21.7
347,Dominican Republic,2000,Female,76.66,66.39,19.7,3.2,2.94,0.53,16.2
349,Egypt,2015,Male,68.22,61.29,32.0,6.0,0.69,0.26,42.1
350,Egypt,2015,Female,72.89,62.77,24.3,1.5,0.11,0.18,0.5
352,Egypt,2010,Male,67.82,60.91,31.9,5.7,0.63,0.27,41.9
353,Egypt,2010,Female,72.69,62.51,24.1,1.5,0.1,0.22,0.6
355,Egypt,2000,Male,67.29,60.27,29.2,5.2,0.43,0.32,41.9
356,Egypt,2000,Female,72.42,62.16,21.5,1.3,0.069,0.26,1.0
358,El Salvador,2015,Male,68.12,59.63,15.3,24.5,6.05,0.36,24.3
359,El Salvador,2015,Female,78.02,67.03,13.2,4.6,1.54,0.13,2.8
361,El Salvador,2010,Male,70.62,61.5,15.6,18.1,5.56,0.31,26.9
362,El Salvador,2010,Female,78.04,67.04,14.1,4.2,1.42,0.13,3.4
364,El Salvador,2000,Male,68.39,59.68,17.6,20.9,6.44,0.64,33.1
365,El Salvador,2000,Female,76.48,65.66,16.6,6.4,1.62,0.27,5.1
367,Eritrea,2015,Male,59.4,52.18,25.6,12.5,2.37,5.9,15.5
368,Eritrea,2015,Female,65.45,56.21,22.9,3.7,0.5,2.87,0.4
370,Eritrea,2010,Male,57.78,50.7,25.6,13.8,2.29,7.01,18.0
371,Eritrea,2010,Female,63.97,54.84,24.0,4.1,0.49,3.34,0.5
373,Eritrea,2000,Male,51.16,44.6,26.7,16.5,2.61,7.58,24.9
374,Eritrea,2000,Female,58.48,49.86,24.8,6.7,0.55,3.98,0.7
376,Estonia,2015,Male,73.03,65.03,24.9,27.6,20.08,0.81,39.6
377,Estonia,2015,Female,81.71,71.12,10.4,5.3,5.87,0.21,24.5
379,Estonia,2010,Male,70.86,63.26,28.6,31.7,20.12,1.02,44.1
380,Estonia,2010,Female,80.45,70.17,12.2,6.6,5.89,0.27,25.3
382,Estonia,2000,Male,65.6,58.54,38.0,48.7,15.8,3.36,55.3
383,Estonia,2000,Female,76.17,66.5,17.6,12.7,4.35,0.56,26.8
385,Eswatini,2015,Male,50.25,44.34,29.8,19.3,16.67,3.28,19.0
386,Eswatini,2015,Female,58.71,50.16,24.4,7.2,3.69,3.41,2.6
388,Eswatini,2010,Male,44.86,39.76,29.6,18.2,11.58,3.35,18.9
389,Eswatini,2010,Female,50.76,43.65,24.3,6.0,2.55,3.29,3.4
391,Eswatini,2000,Male,44.81,39.91,29.8,17.5,12.79,2.81,18.9
392,Eswatini,2000,Female,49.44,42.8,24.9,6.1,2.82,2.8,5.7
394,Ethiopia,2015,Male,65.04,57.41,18.8,11.2,3.64,3.68,8.8
395,Ethiopia,2015,Female,68.64,59.25,18.1,3.2,0.77,2.25,1.0
397,Ethiopia,2010,Male,61.33,54.18,19.2,11.3,4.16,4.26,9.8
398,Ethiopia,2010,Female,64.55,55.77,18.6,3.3,0.88,2.56,1.1
400,Ethiopia,2000,Male,49.52,43.86,21.5,12.2,2.93,6.94,12.2
401,Ethiopia,2000,Female,51.7,44.85,21.8,3.9,0.62,3.21,1.5
403,Fiji,2015,Male,65.77,58.57,37.0,7.5,5.5,0.7,43.4
404,Fiji,2015,Female,70.08,60.69,24.2,2.4,1.12,0.19,11.5
406,Fiji,2010,Male,65.86,58.82,39.2,7.2,4.92,0.79,45.4
407,Fiji,2010,Female,69.52,60.25,26.0,2.4,1.01,0.19,12.5
409,Fiji,2000,Male,63.69,56.89,42.5,5.6,5.31,0.89,50.4
410,Fiji,2000,Female,68.43,59.47,30.1,2.9,1.12,0.32,15.0
412,Finland,2015,Male,78.53,69.44,13.8,21.8,17.39,0.3,22.8
413,Finland,2015,Female,83.85,71.97,7.2,7.2,5.25,0.16,19.1
415,Finland,2010,Male,76.68,67.86,15.7,28.4,19.53,0.38,26.1
416,Finland,2010,Female,83.04,71.21,7.9,9.8,6.01,0.19,20.6
418,Finland,2000,Male,74.13,65.79,19.7,36.8,18.31,0.66,34.2
419,Finland,2000,Female,80.91,69.64,9.7,12.9,5.49,0.25,24.0
421,France,2015,Male,78.99,70.47,14.3,24.4,19.66,0.35,36.4
422,France,2015,Female,84.72,72.87,7.3,11.8,5.97,0.58,32.7
424,France,2010,Male,77.96,69.71,15.7,27.7,19.31,0.41,37.0
425,France,2010,Female,84.34,72.54,7.9,13.0,5.86,0.61,32.0
427,France,2000,Male,75.24,67.41,19.0,30.5,21.79,0.54,38.5
428,France,2000,Female,82.52,71.14,8.6,14.4,6.8,0.7,30.7
430,Gambia,2015,Male,62.18,55.27,22.1,6.7,6.26,2.42,28.9
431,Gambia,2015,Female,66.28,56.5,19.1,3.8,1.2,1.51,1.8
433,Gambia,2010,Male,60.59,53.91,22.7,6.7,6.5,2.68,31.9
434,Gambia,2010,Female,64.47,55.01,19.3,3.6,1.25,1.67,2.4
436,Gambia,2000,Male,57.17,50.96,24.6,8.1,7.01,3.9,39.1
437,Gambia,2000,Female,61.63,52.53,21.4,5.2,1.37,2.2,4.3
439,Georgia,2015,Male,68.24,61.09,34.7,14.0,15.81,1.21,55.5
440,Georgia,2015,Female,76.93,67.31,16.1,2.7,4.2,0.45,5.3
442,Georgia,2010,Male,67.44,60.52,34.3,11.8,15.92,1.25,57.5
443,Georgia,2010,Female,76.3,66.9,16.7,2.3,4.28,0.44,5.6
445,Georgia,2000,Male,65.58,59.22,32.3,10.2,7.33,1.13,62.5
446,Georgia,2000,Female,73.14,64.6,17.8,2.3,1.9,0.63,6.2
448,Germany,2015,Male,78.12,69.28,16.0,19.9,20.13,0.1,31.2
449,Germany,2015,Female,82.71,70.85,9.1,7.8,6.3,0.18,26.7
451,Germany,2010,Male,77.78,69.05,16.7,20.6,19.61,0.15,33.1
452,Germany,2010,Female,82.54,70.87,9.4,7.0,6.03,0.14,27.5
454,Germany,2000,Male,75.04,66.96,21.1,22.1,22.01,0.18,37.5
455,Germany,2000,Female,80.92,69.81,11.2,7.7,6.84,0.16,29.7
457,Ghana,2015,Male,61.97,55.12,18.2,8.5,4.99,1.99,7.6
458,Ghana,2015,Female,67.41,58.02,23.3,2.1,1.33,1.31,0.5
460,Ghana,2010,Male,59.7,53.22,17.6,7.5,6.86,1.83,8.7
461,Ghana,2010,Female,64.53,55.58,23.0,2.1,1.8,1.2,0.6
463,Ghana,2000,Male,57.75,51.37,18.3,6.1,8.42,1.86,11.7
464,Ghana,2000,Female,60.8,52.46,24.4,1.9,2.19,1.22,1.2
466,Greece,2015,Male,77.85,69.3,17.1,7.8,16.64,0.33,47.1
467,Greece,2015,Female,82.94,71.55,7.7,1.9,4.61,0.15,34.0
469,Greece,2010,Male,77.52,68.89,17.4,6.0,15.19,0.39,50.5
470,Greece,2010,Female,82.71,71.2,8.4,0.7,4.38,0.17,36.4
472,Greece,2000,Male,75.51,67.46,20.4,5.4,15.92,0.51,58.6
473,Greece,2000,Female,80.89,69.82,9.6,1.5,4.59,0.24,41.8
475,Guyana,2015,Male,62.31,54.97,32.3,43.4,11.8,0.73,25.0
476,Guyana,2015,Female,69.22,59.61,28.9,14.5,2.92,0.71,2.5
478,Guyana,2010,Male,61.63,54.51,32.5,39.9,10.97,0.66,31.0
479,Guyana,2010,Female,68.23,58.86,30.0,13.6,2.67,0.72,3.2
481,Guyana,2000,Male,59.81,52.89,33.7,34.6,14.53,0.99,48.3
482,Guyana,2000,Female,66.51,57.31,31.8,12.3,3.6,0.84,5.4
484,Haiti,2015,Male,62.09,54.77,28.5,17.0,4.4,3.12,13.9
485,Haiti,2015,Female,63.13,54.44,25.1,6.5,1.06,2.26,3.6
487,Haiti,2010,Male,27.97,25.37,22.7,14.8,4.89,3.41,15.1
488,Haiti,2010,Female,35.37,31.16,21.9,5.7,1.19,2.4,4.3
490,Haiti,2000,Male,56.97,50.48,30.4,13.1,6.51,4.29,18.5
491,Haiti,2000,Female,57.18,49.6,27.9,4.4,1.59,2.85,6.3
493,Hungary,2015,Male,72.16,64.35,31.0,31.6,18.5,0.44,36.3
494,Hungary,2015,Female,78.73,68.67,16.5,10.1,5.51,0.15,27.5
496,Hungary,2010,Male,70.63,63.02,33.0,42.1,19.26,0.48,39.0
497,Hungary,2010,Female,78.35,68.38,16.2,11.4,5.8,0.16,29.5
499,Hungary,2000,Male,67.07,59.97,38.1,51.5,22.53,0.56,45.8
500,Hungary,2000,Female,75.63,66.11,19.1,15.3,6.99,0.21,34.3
502,Iceland,2015,Male,80.69,71.68,10.2,22.3,13.33,0.28,16.0
503,Iceland,2015,Female,83.56,72.1,8.2,5.7,4.15,0.15,15.4
505,Iceland,2010,Male,80.02,71.07,11.8,20.5,11.44,0.3,20.1
506,Iceland,2010,Female,83.34,71.77,7.7,6.0,3.53,0.16,18.6
508,Iceland,2000,Male,77.74,69.28,15.4,25.5,10.8,0.44,32.8
509,Iceland,2000,Female,81.64,70.34,11.4,6.9,3.29,0.21,27.7
511,India,2015,Male,68.11,59.12,26.8,18.0,8.99,2.95,44.6
512,India,2015,Female,70.62,59.16,20.0,14.9,1.88,1.91,14.5
514,India,2010,Male,65.69,57.03,27.1,17.7,7.06,3.62,49.8
515,India,2010,Female,68.94,57.65,21.2,15.2,1.47,2.33,19.7
517,India,2000,Male,61.34,53.19,29.7,18.6,3.69,6.42,62.1
518,India,2000,Female,62.92,52.68,23.4,16.0,0.77,3.83,35.6
520,Indonesia,2015,Male,68.77,61.45,30.3,4.8,1.03,0.63,70.0
521,Indonesia,2015,Female,72.5,63.24,22.8,2.0,0.18,0.18,6.4
523,Indonesia,2010,Male,67.53,60.43,30.7,5.1,1.01,0.74,68.7
524,Indonesia,2010,Female,71.03,62.02,23.3,2.2,0.17,0.22,8.9
526,Indonesia,2000,Male,65.77,58.45,29.1,5.3,0.85,0.87,66.7
527,Indonesia,2000,Female,68.55,59.6,23.7,2.5,0.15,0.26,17.0
529,Iran (Islamic Republic of),2015,Male,74.96,65.31,16.2,5.0,1.76,1.63,26.2
530,Iran (Islamic Republic of),2015,Female,78.52,66.01,13.9,3.0,0.26,0.77,3.9
532,Iran (Islamic Republic of),2010,Male,73.87,64.48,19.4,8.7,1.74,3.03,28.9
533,Iran (Islamic Republic of),2010,Female,78.01,65.6,16.5,4.4,0.26,1.16,4.8
535,Iran (Islamic Republic of),2000,Male,70.73,62.06,24.5,12.0,0.35,5.69,35.7
536,Iran (Islamic Republic of),2000,Female,74.61,63.12,23.3,9.3,0.054000000000000006,2.71,7.2
538,Iraq,2015,Male,67.32,59.3,24.9,3.5,0.63,0.62,41.6
539,Iraq,2015,Female,73.41,62.38,18.6,2.6,0.1,0.43,4.1
541,Iraq,2010,Male,67.76,59.79,25.8,3.3,0.84,0.64,43.1
542,Iraq,2010,Female,72.79,62.0,19.3,2.2,0.14,0.44,5.2
544,Iraq,2000,Male,66.43,58.55,27.5,3.4,0.78,0.99,47.4
545,Iraq,2000,Female,71.25,60.58,21.0,1.9,0.13,0.53,8.6
547,Ireland,2015,Male,79.33,70.16,12.2,18.5,19.03,0.3,27.3
548,Ireland,2015,Female,82.93,71.16,8.7,4.5,6.13,0.13,23.2
550,Ireland,2010,Male,78.33,69.34,13.3,18.5,18.34,0.34,29.4
551,Ireland,2010,Female,82.44,70.75,9.0,5.6,5.95,0.14,26.9
553,Ireland,2000,Male,73.84,65.88,21.8,20.2,22.73,0.67,34.4
554,Ireland,2000,Female,79.02,68.3,13.8,4.8,7.71,0.25,36.6
556,Israel,2015,Male,79.96,71.3,12.0,7.6,6.05,0.2,35.7
557,Israel,2015,Female,83.79,72.32,7.6,2.4,1.76,0.12,16.7
559,Israel,2010,Male,79.62,70.92,12.3,12.0,4.92,0.2,36.8
560,Israel,2010,Female,83.34,71.84,8.0,2.7,1.42,0.11,18.7
562,Israel,2000,Male,76.36,68.42,17.8,11.8,4.87,0.28,39.3
563,Israel,2000,Female,80.66,69.94,11.6,3.3,1.39,0.15,23.3
565,Italy,2015,Male,80.0,70.65,12.4,11.8,12.08,0.2,27.9
566,Italy,2015,Female,84.26,72.36,7.3,4.5,3.41,0.33,19.7
568,Italy,2010,Male,79.37,69.98,13.3,11.4,11.66,0.21,29.6
569,Italy,2010,Female,84.22,72.19,7.5,3.8,3.33,0.32,19.8
571,Italy,2000,Male,76.41,67.56,17.9,11.7,16.32,0.58,32.9
572,Italy,2000,Female,82.15,70.39,9.3,4.1,4.87,0.48,19.9
574,Jamaica,2015,Male,74.1,65.86,16.1,3.3,6.75,0.18,19.2
575,Jamaica,2015,Female,77.71,67.42,13.5,1.0,1.7,0.24,4.8
577,Jamaica,2010,Male,73.27,65.27,16.7,3.1,7.07,0.18,22.1
578,Jamaica,2010,Female,78.51,68.04,13.9,0.9,1.79,0.23,5.9
580,Jamaica,2000,Male,72.05,64.29,20.2,3.8,7.93,0.32,29.6
581,Jamaica,2000,Female,76.5,66.6,16.0,0.8,2.01,0.3,9.1
583,Japan,2015,Male,80.7,72.04,11.5,27.4,12.16,0.56,35.7
584,Japan,2015,Female,86.41,75.11,5.8,11.8,3.84,0.27,11.1
586,Japan,2010,Male,79.46,71.15,12.8,35.1,11.12,0.66,40.6
587,Japan,2010,Female,85.77,74.7,6.3,14.1,3.5,0.28,12.2
589,Japan,2000,Male,77.69,69.46,15.5,35.8,12.64,0.58,52.1
590,Japan,2000,Female,84.37,73.54,7.5,13.9,4.04,0.25,14.5
592,Kazakhstan,2015,Male,67.43,60.31,38.9,42.5,7.73,3.72,44.2
593,Kazakhstan,2015,Female,76.22,66.27,19.8,8.4,1.9,1.47,7.1
595,Kazakhstan,2010,Male,63.58,56.96,44.2,55.7,8.22,4.6,47.8
596,Kazakhstan,2010,Female,73.39,64.01,23.0,11.2,2.04,1.71,8.1
598,Kazakhstan,2000,Male,57.58,51.98,51.6,59.5,13.72,25.99,55.9
599,Kazakhstan,2000,Female,69.15,60.54,27.7,10.4,3.26,6.94,10.5
601,Kenya,2015,Male,61.71,54.76,13.8,5.0,4.53,2.55,22.3
602,Kenya,2015,Female,66.62,57.4,12.9,1.2,1.07,1.1,3.1
604,Kenya,2010,Male,59.23,52.61,13.8,5.0,5.37,3.05,25.1
605,Kenya,2010,Female,63.07,54.42,13.0,1.2,1.27,1.38,3.6
607,Kenya,2000,Male,52.85,46.65,17.3,7.0,6.23,5.34,32.2
608,Kenya,2000,Female,54.91,47.25,17.4,1.9,1.5,2.36,5.2
610,Kiribati,2015,Male,55.13,49.62,34.5,24.2,0.89,3.14,70.4
611,Kiribati,2015,Female,61.37,53.7,23.1,5.0,0.18,2.05,37.9
613,Kiribati,2010,Male,54.75,49.35,34.6,24.0,2.81,3.0,73.7
614,Kiribati,2010,Female,61.39,53.81,23.6,5.4,0.58,1.88,42.5
616,Kiribati,2000,Male,52.31,47.13,35.1,21.9,3.36,2.87,81.7
617,Kiribati,2000,Female,59.4,52.18,24.5,5.8,0.68,1.26,54.1
619,Kuwait,2015,Male,79.46,69.74,19.3,2.8,0.005,0.21,41.5
620,Kuwait,2015,Female,83.84,71.04,14.9,1.8,0.0006,0.16,3.8
622,Kuwait,2010,Male,78.76,69.17,20.7,2.2,0.048,0.23,42.6
623,Kuwait,2010,Female,81.43,69.21,17.0,1.5,0.006999999999999999,0.22,4.5
625,Kuwait,2000,Male,76.36,67.38,22.6,2.1,0.057,0.22,45.9
626,Kuwait,2000,Female,80.1,68.02,20.2,1.8,0.008,0.16,6.8
628,Kyrgyzstan,2015,Male,67.92,61.32,34.9,12.9,13.02,0.91,53.2
629,Kyrgyzstan,2015,Female,75.28,66.16,18.6,3.3,2.39,0.47,3.6
631,Kyrgyzstan,2010,Male,65.2,58.89,36.2,18.5,17.19,1.07,54.9
632,Kyrgyzstan,2010,Female,73.29,64.49,20.1,4.3,3.31,0.55,4.0
634,Kyrgyzstan,2000,Male,61.95,55.8,39.4,20.7,15.94,2.07,58.4
635,Kyrgyzstan,2000,Female,70.18,61.68,23.9,4.7,3.29,0.95,5.1
637,Lao People's Democratic Republic,2015,Male,64.7,57.91,29.2,11.3,16.02,1.04,63.8
638,Lao People's Democratic Republic,2015,Female,69.56,60.73,25.1,5.7,4.25,0.8,18.0
640,Lao People's Democratic Republic,2010,Male,62.44,56.0,29.7,11.7,11.39,1.31,71.0
641,Lao People's Democratic Republic,2010,Female,67.38,58.9,26.4,6.1,2.96,0.95,23.1
643,Lao People's Democratic Republic,2000,Male,56.28,50.5,29.8,13.3,7.52,2.0,84.0
644,Lao People's Democratic Republic,2000,Female,60.6,53.09,28.7,7.0,1.91,1.5,38.3
646,Latvia,2015,Male,69.93,62.33,32.2,37.4,20.73,1.53,50.5
647,Latvia,2015,Female,79.29,68.9,14.0,8.2,6.02,0.28,24.1
649,Latvia,2010,Male,67.76,60.54,37.2,42.3,19.18,2.14,52.6
650,Latvia,2010,Female,77.78,67.73,16.4,6.0,5.47,0.39,24.2
652,Latvia,2000,Male,64.61,57.36,40.0,60.4,14.68,5.17,56.4
653,Latvia,2000,Female,75.56,65.64,17.9,12.9,3.95,1.03,24.7
655,Lebanon,2015,Male,73.47,64.69,20.4,4.2,2.75,0.34,49.3
656,Lebanon,2015,Female,78.82,66.82,15.2,2.4,0.52,0.27,35.9
658,Lebanon,2010,Male,73.26,64.6,20.4,3.9,3.21,0.37,49.3
659,Lebanon,2010,Female,78.12,66.33,15.4,2.5,0.6,0.28,36.5
661,Lebanon,2000,Male,73.03,64.4,24.2,4.0,5.04,0.72,50.0
662,Lebanon,2000,Female,76.14,64.92,18.3,2.1,0.94,0.48,38.3
664,Lesotho,2015,Male,45.07,40.06,28.5,17.6,8.26,3.0,50.8
665,Lesotho,2015,Female,50.58,43.42,25.4,24.1,1.67,3.3,5.3
667,Lesotho,2010,Male,44.5,39.63,28.5,16.8,11.2,3.02,45.3
668,Lesotho,2010,Female,50.69,43.61,25.9,23.2,2.28,3.31,6.6
670,Lesotho,2000,Male,45.53,40.71,28.0,14.6,12.7,2.62,36.2
671,Lesotho,2000,Female,50.68,43.73,25.6,21.2,2.61,2.83,10.8
673,Liberia,2015,Male,60.65,52.74,16.9,6.7,9.08,2.46,16.0
674,Liberia,2015,Female,61.68,52.22,17.5,6.3,2.33,1.15,2.2
676,Liberia,2010,Male,60.07,52.3,17.9,6.8,8.57,3.14,17.7
677,Liberia,2010,Female,61.32,51.83,18.1,6.1,2.2,1.26,3.1
679,Liberia,2000,Male,52.89,45.7,18.0,6.6,10.21,3.16,22.2
680,Liberia,2000,Female,54.67,45.98,18.3,4.7,2.63,1.61,6.2
682,Lithuania,2015,Male,69.09,61.64,32.8,61.7,24.71,1.27,37.7
683,Lithuania,2015,Female,79.47,68.78,13.3,11.9,7.69,0.34,19.2
685,Lithuania,2010,Male,67.49,60.24,34.7,66.1,24.59,1.67,41.7
686,Lithuania,2010,Female,78.67,68.17,14.1,12.8,7.56,0.38,19.9
688,Lithuania,2000,Male,66.68,59.21,34.6,87.2,21.67,3.59,51.2
689,Lithuania,2000,Female,77.23,66.91,15.5,18.7,6.38,0.8,21.4
691,Luxembourg,2015,Male,80.26,70.87,11.6,21.4,19.84,0.098,25.2
692,Luxembourg,2015,Female,84.29,72.13,7.4,7.9,6.52,0.11,20.5
694,Luxembourg,2010,Male,78.61,69.59,14.1,18.2,19.71,0.13,27.9
695,Luxembourg,2010,Female,83.1,71.26,8.8,7.7,6.44,0.15,21.9
697,Luxembourg,2000,Male,75.15,66.77,19.4,23.4,21.75,0.25,34.1
698,Luxembourg,2000,Female,81.11,69.75,10.8,10.3,7.24,0.23,24.9
700,Madagascar,2015,Male,62.87,55.84,24.7,5.7,3.06,4.1,48.4
701,Madagascar,2015,Female,65.5,56.77,21.7,2.2,0.73,2.57,13.0
703,Madagascar,2010,Male,61.43,54.55,26.0,6.2,3.04,5.36,50.6
704,Madagascar,2010,Female,64.17,55.62,23.1,2.5,0.73,3.44,17.4
706,Madagascar,2000,Male,57.54,50.71,28.2,6.5,3.43,6.66,56.4
707,Madagascar,2000,Female,60.18,51.98,26.3,2.8,0.82,4.23,31.6
709,Malawi,2015,Male,59.67,52.84,18.6,5.7,5.97,2.58,22.5
710,Malawi,2015,Female,66.47,56.98,14.5,1.6,1.38,1.58,6.1
712,Malawi,2010,Male,54.38,48.29,19.9,6.1,5.29,2.81,26.8
713,Malawi,2010,Female,59.24,50.93,15.4,1.6,1.23,1.64,8.0
715,Malawi,2000,Male,43.96,38.91,22.9,10.2,4.0,5.11,38.3
716,Malawi,2000,Female,45.59,39.31,19.2,2.4,0.92,2.67,13.4
718,Malaysia,2015,Male,73.01,64.74,20.3,7.6,1.35,0.62,44.5
719,Malaysia,2015,Female,77.13,66.96,14.3,3.1,0.32,0.35,1.2
721,Malaysia,2010,Male,72.25,64.27,21.2,7.3,2.11,0.65,47.2
722,Malaysia,2010,Female,76.52,66.63,15.1,2.8,0.49,0.38,1.7
724,Malaysia,2000,Male,70.55,62.61,22.8,7.5,2.47,0.87,54.6
725,Malaysia,2000,Female,75.31,65.53,17.7,3.1,0.57,0.56,3.2
727,Mali,2015,Male,60.36,53.26,22.7,6.9,2.15,4.27,22.4
728,Mali,2015,Female,61.41,52.74,26.5,2.7,0.37,2.41,1.9
730,Mali,2010,Male,58.59,51.59,22.7,7.0,1.88,4.99,22.4
731,Mali,2010,Female,59.49,51.13,26.9,2.7,0.32,2.81,2.3
733,Mali,2000,Male,52.61,46.04,23.6,7.8,2.0,5.45,22.5
734,Mali,2000,Female,52.75,45.3,30.6,3.2,0.35,2.77,3.4
736,Malta,2015,Male,79.63,70.71,13.6,12.6,11.77,0.16,29.9
737,Malta,2015,Female,83.58,71.84,7.9,3.3,3.38,0.08,23.0
739,Malta,2010,Male,78.23,69.58,14.0,13.6,10.3,0.19,33.4
740,Malta,2010,Female,82.54,71.13,8.5,2.5,2.93,0.09,23.8
742,Malta,2000,Male,75.53,67.58,19.5,10.0,8.97,0.26,42.1
743,Malta,2000,Female,80.1,69.39,11.9,3.0,2.55,0.11,25.7
745,Mauritius,2015,Male,70.96,62.05,28.4,12.8,6.31,0.11,49.6
746,Mauritius,2015,Female,77.43,66.09,17.2,4.2,1.64,0.11,6.3
748,Mauritius,2010,Male,69.84,61.27,30.0,12.7,6.11,0.1,52.2
749,Mauritius,2010,Female,76.8,65.58,18.4,3.6,1.58,0.11,8.0
751,Mauritius,2000,Male,67.74,59.84,36.3,17.6,8.84,0.19,58.5
752,Mauritius,2000,Female,74.8,64.16,23.3,4.7,2.25,0.21,13.2
754,Mexico,2015,Male,73.09,64.34,17.5,8.8,7.83,0.58,23.1
755,Mexico,2015,Female,78.61,67.17,14.3,2.4,2.1,0.31,7.3
757,Mexico,2010,Male,72.23,63.6,17.6,7.4,8.29,0.63,26.7
758,Mexico,2010,Female,78.01,66.64,15.0,1.9,2.22,0.34,8.7
760,Mexico,2000,Male,71.68,63.27,17.7,6.1,10.24,0.95,35.5
761,Mexico,2000,Female,77.12,65.82,16.0,1.1,2.77,0.48,12.7
763,Mongolia,2015,Male,63.45,56.72,39.0,22.8,17.11,2.23,51.1
764,Mongolia,2015,Female,72.13,63.25,22.2,3.7,5.05,1.0,6.9
766,Mongolia,2010,Male,61.09,54.76,40.2,28.5,15.05,2.83,55.5
767,Mongolia,2010,Female,69.47,61.11,24.5,4.9,4.4,1.27,8.3
769,Mongolia,2000,Male,57.34,51.53,44.5,28.2,4.82,11.35,64.9
770,Mongolia,2000,Female,64.11,56.41,33.3,7.6,1.42,4.18,12.2
772,Morocco,2015,Male,71.37,63.48,13.5,2.3,1.24,0.68,30.8
773,Morocco,2015,Female,73.55,63.14,11.5,3.6,0.19,0.48,1.0
775,Morocco,2010,Male,71.07,63.1,15.1,2.7,1.59,0.82,34.8
776,Morocco,2010,Female,72.27,62.12,12.5,4.7,0.24,0.57,1.3
778,Morocco,2000,Male,68.06,60.67,27.6,5.8,1.79,2.06,44.7
779,Morocco,2000,Female,70.59,60.72,21.6,8.1,0.28,1.25,2.2
781,Mozambique,2015,Male,52.42,46.23,19.8,7.4,3.67,3.6,25.8
782,Mozambique,2015,Female,59.45,50.95,17.4,2.6,0.84,2.49,6.2
784,Mozambique,2010,Male,50.66,44.61,22.1,8.2,2.75,3.8,30.5
785,Mozambique,2010,Female,56.29,48.32,18.9,3.0,0.63,2.57,7.9
787,Mozambique,2000,Male,48.37,42.12,28.5,13.2,3.98,5.48,42.7
788,Mozambique,2000,Female,53.05,45.11,26.4,4.8,0.91,3.33,12.9
790,Myanmar,2015,Male,64.32,57.51,27.3,5.8,7.26,0.94,72.1
791,Myanmar,2015,Female,70.7,61.54,21.6,9.3,1.74,1.88,23.5
793,Myanmar,2010,Male,61.62,55.2,27.7,5.6,4.78,1.08,76.1
794,Myanmar,2010,Female,67.87,59.15,22.9,8.9,1.16,2.09,29.0
796,Myanmar,2000,Male,57.31,51.16,26.1,4.2,0.63,1.67,83.0
797,Myanmar,2000,Female,62.67,54.74,24.1,10.2,0.16,2.86,43.7
799,Namibia,2015,Male,59.36,52.29,24.8,14.5,8.79,1.64,28.2
800,Namibia,2015,Female,66.22,56.73,19.2,3.8,1.99,1.65,9.1
802,Namibia,2010,Male,57.25,50.52,26.2,16.9,3.36,2.02,28.0
803,Namibia,2010,Female,64.66,55.4,20.9,4.3,0.76,2.0,12.8
805,Namibia,2000,Male,51.01,45.25,28.6,17.8,5.51,2.63,28.3
806,Namibia,2000,Female,55.5,47.89,23.0,4.3,1.17,2.28,25.7
808,Nepal,2015,Male,67.32,59.29,25.2,10.0,3.5,0.59,52.2
809,Nepal,2015,Female,71.39,61.05,19.6,8.3,0.76,0.37,19.2
811,Nepal,2010,Male,67.52,59.39,26.5,10.7,3.3,0.78,58.9
812,Nepal,2010,Female,70.92,60.55,21.1,10.2,0.71,0.55,27.9
814,Nepal,2000,Male,63.87,55.8,30.7,16.8,1.88,1.69,73.9
815,Nepal,2000,Female,66.57,56.67,24.2,14.0,0.4,1.24,54.5
817,Netherlands,2015,Male,79.67,70.87,12.8,16.0,14.75,0.091,27.0
818,Netherlands,2015,Female,82.82,71.33,9.7,9.0,4.48,0.11,22.4
820,Netherlands,2010,Male,78.74,70.33,14.5,14.0,15.73,0.099,29.4
821,Netherlands,2010,Female,82.5,71.39,10.3,6.0,4.84,0.11,24.7
823,Netherlands,2000,Male,75.49,67.66,20.1,13.1,17.09,0.14,34.8
824,Netherlands,2000,Female,80.39,69.75,12.4,6.5,5.27,0.13,29.6
826,New Zealand,2015,Male,79.73,69.26,11.9,17.9,16.09,0.27,17.8
827,New Zealand,2015,Female,82.85,70.52,8.9,6.6,5.09,0.11,15.4
829,New Zealand,2010,Male,79.12,68.99,13.7,18.6,17.47,0.34,21.2
830,New Zealand,2010,Female,82.71,70.57,10.0,7.5,5.52,0.13,19.0
832,New Zealand,2000,Male,76.0,66.4,18.8,21.2,16.19,0.34,29.7
833,New Zealand,2000,Female,81.06,69.16,13.0,5.0,5.0,0.13,29.6
835,Niger,2015,Male,60.28,53.84,20.3,6.0,0.95,5.36,15.9
836,Niger,2015,Female,62.86,54.5,20.0,3.3,0.16,3.06,1.0
838,Niger,2010,Male,57.77,51.56,20.6,6.1,0.55,6.09,15.0
839,Niger,2010,Female,60.19,52.21,21.0,3.6,0.09,3.41,1.3
841,Niger,2000,Male,49.73,44.2,19.3,5.6,0.41,6.75,13.6
842,Niger,2000,Female,50.99,44.19,20.8,3.5,0.066,3.03,2.2
844,Nigeria,2015,Male,59.59,52.49,20.8,9.7,17.2,3.76,9.5
845,Nigeria,2015,Female,62.8,53.79,24.0,9.5,4.33,2.18,0.6
847,Nigeria,2010,Male,57.75,50.95,21.0,9.0,18.79,4.66,10.5
848,Nigeria,2010,Female,60.79,52.09,24.7,10.9,4.59,2.6,0.9
850,Nigeria,2000,Male,52.16,45.76,22.6,9.3,20.11,5.02,12.9
851,Nigeria,2000,Female,55.17,47.19,28.1,11.0,4.87,2.32,1.7
853,Norway,2015,Male,80.26,70.55,11.0,15.6,11.38,0.23,21.9
854,Norway,2015,Female,83.71,71.86,7.6,9.1,3.63,0.14,20.6
856,Norway,2010,Male,78.83,69.27,13.4,16.5,13.59,0.28,27.6
857,Norway,2010,Female,82.85,71.03,9.1,8.6,4.35,0.17,26.1
859,Norway,2000,Male,75.86,67.0,17.6,19.5,12.18,0.28,44.0
860,Norway,2000,Female,81.15,69.81,10.9,7.1,3.87,0.18,42.0
862,Oman,2015,Male,71.4,63.42,19.8,5.9,1.03,0.69,18.4
863,Oman,2015,Female,74.09,63.78,15.8,0.8,0.19,0.057999999999999996,0.8
865,Oman,2010,Male,68.97,61.54,21.7,5.5,1.03,0.87,18.2
866,Oman,2010,Female,72.55,62.65,17.7,0.8,0.21,0.07,0.9
868,Oman,2000,Male,67.26,60.15,25.6,6.6,9.84,1.44,17.9
869,Oman,2000,Female,71.53,61.88,20.6,1.2,1.87,0.11,1.2
871,Pakistan,2015,Male,63.12,55.78,26.7,2.8,0.48,0.77,36.7
872,Pakistan,2015,Female,65.36,55.8,22.7,3.1,0.08800000000000001,4.01,7.9
874,Pakistan,2010,Male,61.53,54.45,27.4,2.8,0.31,0.84,42.9
875,Pakistan,2010,Female,63.9,54.54,23.7,3.4,0.057,4.34,11.4
877,Pakistan,2000,Male,59.32,52.58,28.7,2.9,0.14,0.99,58.9
878,Pakistan,2000,Female,60.99,52.13,24.4,4.0,0.026000000000000002,4.72,24.1
880,Panama,2015,Male,76.17,67.02,15.7,6.5,12.14,0.53,12.8
881,Panama,2015,Female,81.38,69.61,10.9,1.3,3.31,0.24,3.1
883,Panama,2010,Male,74.63,65.92,15.8,8.6,10.83,0.82,16.4
884,Panama,2010,Female,80.65,69.15,11.2,1.5,2.86,0.33,3.9
886,Panama,2000,Male,74.6,65.91,16.5,10.4,8.73,0.77,27.7
887,Panama,2000,Female,80.08,68.6,13.5,1.6,2.23,0.38,6.2
889,Paraguay,2015,Male,72.83,64.34,18.9,13.0,11.36,0.39,23.5
890,Paraguay,2015,Female,78.6,67.08,16.5,6.6,3.05,0.32,5.8
892,Paraguay,2010,Male,72.47,64.08,19.7,12.2,11.87,0.43,29.1
893,Paraguay,2010,Female,77.73,66.48,17.4,6.3,3.19,0.37,7.9
895,Paraguay,2000,Male,72.57,64.05,22.4,13.9,10.01,0.88,44.5
896,Paraguay,2000,Female,77.14,65.98,20.1,6.3,2.68,0.83,15.0
898,Peru,2015,Male,77.55,68.48,14.3,7.2,10.15,1.25,19.0
899,Peru,2015,Female,80.56,69.21,11.4,2.7,3.18,0.59,4.4
901,Peru,2010,Male,75.61,67.02,14.9,6.7,11.78,1.36,26.8
902,Peru,2010,Female,78.91,67.93,12.3,2.5,3.68,0.65,6.5
904,Peru,2000,Male,72.86,64.57,16.4,7.3,10.04,1.79,54.0
905,Peru,2000,Female,75.94,65.26,14.3,2.9,3.1,0.89,13.9
907,Philippines,2015,Male,67.13,59.94,32.9,4.5,10.68,0.3,43.8
908,Philippines,2015,Female,73.66,64.01,21.1,2.0,2.73,0.2,7.8
910,Philippines,2010,Male,66.63,59.5,33.5,4.7,11.14,0.35,47.8
911,Philippines,2010,Female,73.52,63.79,21.8,1.9,2.82,0.22,9.3
913,Philippines,2000,Male,65.47,58.22,31.6,3.5,9.69,0.44,57.3
914,Philippines,2000,Female,72.87,63.11,22.2,1.6,2.46,0.32,13.2
916,Poland,2015,Male,73.36,65.12,26.4,28.4,18.28,0.36,32.8
917,Poland,2015,Female,81.15,70.89,12.7,4.1,5.54,0.16,23.4
919,Poland,2010,Male,72.08,64.04,28.2,33.4,17.63,0.43,36.5
920,Poland,2010,Female,80.37,70.17,13.2,4.8,5.33,0.17,26.7
922,Poland,2000,Male,69.51,61.9,34.2,29.0,14.55,0.69,46.5
923,Poland,2000,Female,77.88,68.09,16.2,5.5,4.22,0.23,35.1
925,Portugal,2015,Male,77.92,69.05,15.7,22.0,19.17,0.34,33.6
926,Portugal,2015,Female,83.67,71.83,7.1,6.4,5.48,0.18,20.9
928,Portugal,2010,Male,76.59,67.84,16.8,21.1,19.9,0.37,34.1
929,Portugal,2010,Female,82.74,70.76,7.8,6.6,5.88,0.2,18.7
931,Portugal,2000,Male,73.07,64.96,20.9,12.2,22.06,0.68,35.6
932,Portugal,2000,Female,80.07,68.68,10.8,3.0,6.8,0.22,15.0
934,Qatar,2015,Male,77.17,67.43,16.2,8.3,1.94,0.55,26.9
935,Qatar,2015,Female,75.93,64.53,13.8,0.9,0.4,0.066,1.5
937,Qatar,2010,Male,74.97,65.76,17.0,7.7,2.02,0.5,27.4
938,Qatar,2010,Female,73.87,63.11,15.6,0.9,0.39,0.059000000000000004,1.7
940,Qatar,2000,Male,71.11,62.84,18.1,4.7,1.52,0.26,28.7
941,Qatar,2000,Female,71.74,61.43,19.0,1.1,0.3,0.079,2.5
943,Republic of Korea,2015,Male,79.03,70.17,11.6,39.9,15.16,0.75,41.6
944,Republic of Korea,2015,Female,85.12,73.73,5.1,16.5,4.97,0.3,6.1
946,Republic of Korea,2010,Male,77.12,68.7,14.8,45.1,15.07,0.87,47.4
947,Republic of Korea,2010,Female,83.78,72.88,6.4,23.1,4.93,0.32,6.3
949,Republic of Korea,2000,Male,72.49,64.93,22.9,20.3,18.59,1.31,63.0
950,Republic of Korea,2000,Female,79.76,69.67,10.6,9.3,6.16,0.62,7.0
952,Republic of Moldova,2015,Male,67.19,60.2,36.6,28.5,18.92,1.75,44.2
953,Republic of Moldova,2015,Female,75.05,65.5,19.5,5.2,5.53,0.74,5.9
955,Republic of Moldova,2010,Male,64.62,58.13,38.1,37.0,24.36,2.59,44.0
956,Republic of Moldova,2010,Female,73.11,64.02,22.0,5.9,7.57,0.94,5.7
958,Republic of Moldova,2000,Male,63.15,56.65,39.6,29.4,21.53,8.61,43.6
959,Republic of Moldova,2000,Female,70.53,61.82,25.5,4.5,7.14,2.99,5.4
961,Romania,2015,Male,71.28,63.76,29.4,20.3,18.37,0.5,37.4
962,Romania,2015,Female,78.42,68.83,14.0,3.5,5.45,0.32,17.6
964,Romania,2010,Male,70.07,62.81,31.7,23.9,21.78,0.64,41.8
965,Romania,2010,Female,77.43,68.12,15.6,4.8,6.75,0.38,21.4
967,Romania,2000,Male,67.98,60.72,34.3,22.1,27.13,1.34,52.4
968,Romania,2000,Female,74.92,65.91,19.1,4.8,8.39,0.71,31.5
970,Russian Federation,2015,Male,65.85,58.77,37.2,57.8,21.28,2.82,42.9
971,Russian Federation,2015,Female,76.6,66.46,16.4,9.9,5.12,0.87,15.1
973,Russian Federation,2010,Male,62.94,56.16,43.1,71.7,26.54,3.48,46.8
974,Russian Federation,2010,Female,74.72,64.9,19.6,12.5,6.96,1.04,14.3
976,Russian Federation,2000,Male,59.02,52.42,50.5,93.5,26.2,4.56,55.5
977,Russian Federation,2000,Female,72.25,62.78,24.7,16.5,6.88,1.37,12.9
979,Rwanda,2015,Male,65.47,57.61,19.7,9.7,15.24,3.42,20.8
980,Rwanda,2015,Female,69.82,60.07,17.1,3.9,3.64,1.62,7.5
982,Rwanda,2010,Male,62.31,54.75,20.7,10.7,16.84,4.8,23.1
983,Rwanda,2010,Female,66.51,57.07,18.2,4.5,4.12,2.49,8.6
985,Rwanda,2000,Male,45.88,40.39,30.1,19.0,22.14,9.87,28.6
986,Rwanda,2000,Female,49.19,42.04,30.2,12.4,5.94,5.65,11.7
988,Samoa,2015,Male,68.68,61.5,26.5,6.8,4.21,0.73,43.0
989,Samoa,2015,Female,71.49,62.33,15.0,1.9,0.86,0.27,17.9
991,Samoa,2010,Male,68.08,61.04,29.5,7.8,4.84,0.83,47.4
992,Samoa,2010,Female,71.16,62.07,16.8,2.1,0.98,0.28,19.7
994,Samoa,2000,Male,66.46,59.68,36.6,12.6,6.15,1.14,58.5
995,Samoa,2000,Female,70.78,61.91,21.7,3.6,1.26,0.37,24.1
997,Sao Tome and Principe,2015,Male,68.05,60.37,18.7,3.0,11.37,1.65,9.4
998,Sao Tome and Principe,2015,Female,71.12,61.5,18.7,1.5,3.11,0.13,1.6
1000,Sao Tome and Principe,2010,Male,66.89,59.31,18.1,2.7,13.17,1.87,9.3
1001,Sao Tome and Principe,2010,Female,69.55,60.19,19.0,1.4,3.65,0.15,2.1
1003,Sao Tome and Principe,2000,Male,62.55,55.47,18.9,2.7,12.97,2.68,9.2
1004,Sao Tome and Principe,2000,Female,64.31,55.66,20.5,1.3,3.61,0.2,3.6
1006,Saudi Arabia,2015,Male,71.73,62.8,18.0,4.4,0.31,0.77,30.8
1007,Saudi Arabia,2015,Female,75.25,63.77,14.4,1.5,0.045,0.51,2.3
1009,Saudi Arabia,2010,Male,70.39,61.86,19.5,5.0,0.26,1.0,30.4
1010,Saudi Arabia,2010,Female,73.67,62.58,15.9,1.4,0.038,0.68,2.9
1012,Saudi Arabia,2000,Male,69.59,61.24,21.1,4.2,0.29,1.54,29.7
1013,Saudi Arabia,2000,Female,71.62,61.0,16.3,1.1,0.040999999999999995,0.96,4.7
1015,Senegal,2015,Male,65.46,57.62,19.5,9.6,1.28,3.1,18.7
1016,Senegal,2015,Female,68.77,58.7,17.6,3.0,0.22,1.68,0.9
1018,Senegal,2010,Male,63.67,56.01,20.6,10.4,1.05,3.35,21.2
1019,Senegal,2010,Female,67.15,57.29,19.5,3.6,0.18,1.99,1.2
1021,Senegal,2000,Male,56.87,50.06,22.0,11.4,1.68,3.97,27.3
1022,Senegal,2000,Female,60.32,51.5,20.8,4.1,0.29,2.26,2.2
1024,Serbia,2015,Male,72.69,64.85,25.8,22.3,13.84,0.45,41.6
1025,Serbia,2015,Female,77.76,68.06,14.5,8.1,3.87,0.25,41.0
1027,Serbia,2010,Male,71.63,63.97,28.3,23.9,18.56,0.56,45.1
1028,Serbia,2010,Female,76.83,67.38,16.8,8.2,5.24,0.29,40.4
1030,Seychelles,2015,Male,69.95,61.9,28.8,16.5,28.57,0.66,36.3
1031,Seychelles,2015,Female,76.83,66.31,13.4,2.5,8.39,0.51,7.1
1033,Seychelles,2010,Male,69.57,61.78,30.3,15.9,15.59,0.76,38.1
1034,Seychelles,2010,Female,76.84,66.42,14.4,2.5,4.44,0.55,7.6
1036,Seychelles,2000,Male,67.81,60.33,32.2,15.0,11.96,0.9,42.7
1037,Seychelles,2000,Female,76.28,66.06,16.1,2.5,3.42,0.7,8.7
1039,Sierra Leone,2015,Male,55.9,49.39,27.6,10.8,9.81,5.26,33.5
1040,Sierra Leone,2015,Female,57.93,49.99,32.2,7.9,1.59,3.06,10.1
1042,Sierra Leone,2010,Male,53.65,47.39,29.7,10.8,10.16,5.88,38.0
1043,Sierra Leone,2010,Female,55.78,48.1,33.7,7.7,1.65,3.11,13.5
1045,Sierra Leone,2000,Male,46.77,40.94,36.9,13.2,9.91,7.38,49.7
1046,Sierra Leone,2000,Female,50.73,43.53,36.5,9.1,1.83,3.42,24.4
1048,Singapore,2015,Male,80.72,72.12,12.7,12.1,3.11,0.087,27.8
1049,Singapore,2015,Female,84.89,74.25,7.3,6.1,1.07,0.08,5.2
1051,Singapore,2010,Male,79.36,71.06,14.7,13.0,3.28,0.13,27.7
1052,Singapore,2010,Female,84.01,73.57,8.0,7.0,1.13,0.09,5.3
1054,Singapore,2000,Male,76.2,68.22,20.5,16.2,3.73,0.16,27.4
1055,Singapore,2000,Female,80.71,70.76,13.0,8.7,1.28,0.08,5.7
1057,Slovakia,2015,Male,73.48,65.12,24.3,22.6,17.97,0.48,39.2
1058,Slovakia,2015,Female,80.37,70.01,11.5,3.5,5.55,0.26,24.9
1060,Slovakia,2010,Male,71.69,63.75,28.4,24.4,18.71,0.67,40.5
1061,Slovakia,2010,Female,79.12,69.12,13.1,3.9,5.81,0.32,23.3
1063,Slovakia,2000,Male,69.16,61.64,35.2,24.2,19.59,1.08,43.6
1064,Slovakia,2000,Female,77.43,67.78,16.4,5.1,5.92,0.38,20.6
1066,Slovenia,2015,Male,77.57,68.13,16.9,33.3,19.65,0.43,25.4
1067,Slovenia,2015,Female,83.32,71.92,9.2,8.9,6.01,0.21,20.8
1069,Slovenia,2010,Male,76.25,66.96,18.1,34.0,17.84,0.47,25.9
1070,Slovenia,2010,Female,82.73,71.41,8.9,7.6,5.46,0.21,21.6
1072,Slovenia,2000,Male,72.18,63.77,25.4,48.0,19.59,0.99,27.0
1073,Slovenia,2000,Female,79.74,69.12,12.1,17.6,6.04,0.34,23.5
1075,Solomon Islands,2015,Male,62.34,56.1,26.7,7.0,2.56,1.46,56.2
1076,Solomon Islands,2015,Female,67.41,58.84,22.0,2.7,0.53,0.45,20.7
1078,Solomon Islands,2010,Male,61.3,55.28,27.8,8.0,2.65,1.77,56.7
1079,Solomon Islands,2010,Female,66.4,58.06,23.6,3.4,0.55,0.54,22.4
1081,Solomon Islands,2000,Male,60.12,54.36,33.3,14.5,1.96,2.28,58.5
1082,Solomon Islands,2000,Female,65.24,57.18,29.0,7.7,0.41,0.81,26.4
1084,South Africa,2015,Male,59.82,52.71,32.6,19.0,16.05,1.41,46.7
1085,South Africa,2015,Female,65.34,55.5,21.5,4.8,3.53,1.17,17.7
1087,South Africa,2010,Male,55.04,48.72,33.9,19.2,16.71,1.39,46.9
1088,South Africa,2010,Female,59.24,50.5,23.4,5.4,3.74,1.19,20.9
1090,South Africa,2000,Male,53.08,47.06,34.4,17.7,16.69,1.12,47.3
1091,South Africa,2000,Female,58.63,50.03,25.0,5.7,3.76,1.01,28.9
1093,Spain,2015,Male,79.66,70.64,13.9,12.0,17.85,0.22,31.3
1094,Spain,2015,Female,84.94,72.44,6.5,4.3,5.13,0.21,27.2
1096,Spain,2010,Male,78.76,69.81,15.0,10.9,15.67,0.21,35.4
1097,Spain,2010,Female,84.58,72.22,6.6,3.2,4.6,0.19,27.8
1099,Spain,2000,Male,75.69,67.14,19.1,13.1,19.3,0.41,45.6
1100,Spain,2000,Female,82.48,70.99,8.0,4.3,5.9,0.22,29.4
1102,Sri Lanka,2015,Male,73.05,64.42,22.3,24.0,6.76,0.54,43.7
1103,Sri Lanka,2015,Female,79.41,68.63,13.4,6.2,1.69,0.3,3.3
1105,Sri Lanka,2010,Male,69.44,61.45,22.6,30.4,6.44,0.54,44.7
1106,Sri Lanka,2010,Female,77.26,66.99,12.9,8.3,1.59,0.31,4.6
1108,Sri Lanka,2000,Male,67.92,60.12,26.3,44.5,3.58,0.78,47.7
1109,Sri Lanka,2000,Female,76.3,66.18,16.8,13.2,0.89,0.5,8.9
1111,Sweden,2015,Male,79.97,71.0,10.7,20.9,14.02,0.53,31.1
1112,Sweden,2015,Female,83.5,71.83,7.9,10.5,4.29,0.28,32.9
1114,Sweden,2010,Male,79.41,70.66,12.1,21.0,14.65,0.5,36.0
1115,Sweden,2010,Female,83.15,71.65,8.7,9.5,4.44,0.27,39.1
1117,Sweden,2000,Male,77.28,69.0,15.8,20.5,13.31,0.55,48.8
1118,Sweden,2000,Female,81.79,70.65,10.6,10.8,3.91,0.28,56.6
1120,Switzerland,2015,Male,80.64,71.15,10.8,22.0,17.73,0.1,28.7
1121,Switzerland,2015,Female,84.5,72.28,6.7,12.3,5.64,0.095,22.7
1123,Switzerland,2010,Male,80.03,70.64,12.1,21.1,17.55,0.12,30.1
1124,Switzerland,2010,Female,84.18,72.0,7.3,11.4,5.56,0.11,23.1
1126,Switzerland,2000,Male,76.89,67.87,16.4,29.7,19.28,0.16,33.1
1127,Switzerland,2000,Female,82.35,70.57,9.1,14.2,6.14,0.13,23.9
1129,Thailand,2015,Male,74.13,65.73,18.4,23.6,13.52,0.49,44.8
1130,Thailand,2015,Female,80.7,70.33,11.1,5.9,3.54,0.34,3.4
1132,Thailand,2010,Male,73.24,65.01,19.3,22.6,12.46,0.52,49.0
1133,Thailand,2010,Female,79.3,69.19,12.6,6.4,3.24,0.36,4.1
1135,Thailand,2000,Male,67.52,59.87,22.6,24.2,10.47,0.57,57.9
1136,Thailand,2000,Female,75.2,65.55,16.1,8.4,2.7,0.35,5.7
1138,Timor-Leste,2015,Male,67.31,59.43,21.7,6.2,3.17,0.49,70.2
1139,Timor-Leste,2015,Female,70.49,61.28,18.0,2.9,0.82,0.38,11.5
1141,Timor-Leste,2010,Male,66.79,58.43,24.9,7.3,1.11,0.75,78.0
1142,Timor-Leste,2010,Female,69.36,60.19,21.4,3.3,0.29,0.51,13.1
1144,Timor-Leste,2000,Male,61.95,52.4,28.2,12.7,2.43,1.81,91.0
1145,Timor-Leste,2000,Female,63.4,53.73,25.3,5.9,0.61,1.11,17.7
1147,Togo,2015,Male,59.24,52.77,24.1,12.5,3.78,3.05,14.2
1148,Togo,2015,Female,64.83,55.8,23.0,6.2,0.98,1.87,2.0
1150,Togo,2010,Male,57.04,50.82,25.1,12.9,3.36,3.03,15.6
1151,Togo,2010,Female,61.83,53.24,23.7,6.2,0.88,1.75,2.7
1153,Togo,2000,Male,53.9,47.96,25.7,12.8,2.85,3.65,19.1
1154,Togo,2000,Female,58.13,49.98,24.2,6.5,0.76,1.92,5.2
1156,Tonga,2015,Male,69.45,62.49,29.9,4.2,1.14,1.53,48.8
1157,Tonga,2015,Female,75.54,65.58,17.7,2.7,0.24,1.21,12.4
1159,Tonga,2010,Male,69.14,62.32,30.8,4.3,2.34,1.7,49.5
1160,Tonga,2010,Female,75.5,65.55,18.7,2.8,0.49,1.23,13.1
1162,Tonga,2000,Male,68.04,61.47,30.9,3.9,2.81,1.69,51.8
1163,Tonga,2000,Female,74.2,64.51,21.7,3.3,0.59,1.18,14.8
1165,Tunisia,2015,Male,74.58,65.97,20.5,4.5,3.52,0.55,52.5
1166,Tunisia,2015,Female,78.83,67.55,12.4,2.3,0.53,0.42,3.2
1168,Tunisia,2010,Male,73.95,65.49,22.1,5.0,2.46,0.71,58.5
1169,Tunisia,2010,Female,78.21,67.15,12.9,2.3,0.38,0.48,4.0
1171,Tunisia,2000,Male,71.94,63.94,24.1,4.9,2.36,1.19,73.2
1172,Tunisia,2000,Female,76.49,65.78,14.1,2.1,0.37,0.75,6.2
1174,Turkey,2015,Male,75.39,66.94,21.8,11.4,3.76,0.41,43.4
1175,Turkey,2015,Female,80.06,68.43,11.5,3.4,0.58,0.23,16.7
1177,Turkey,2010,Male,74.65,66.3,24.3,13.1,4.1,0.59,47.0
1178,Turkey,2010,Female,79.08,67.6,12.5,3.8,0.64,0.36,16.4
1180,Turkey,2000,Male,71.94,64.13,28.6,11.5,4.25,1.06,55.1
1181,Turkey,2000,Female,76.85,65.83,15.9,2.9,0.67,0.33,15.7
1183,Uganda,2015,Male,60.81,53.94,23.9,10.6,24.7,4.16,17.9
1184,Uganda,2015,Female,68.13,58.66,20.3,9.3,5.92,2.45,4.9
1186,Uganda,2010,Male,57.02,50.62,24.6,10.6,21.79,4.49,22.8
1187,Uganda,2010,Female,62.21,53.57,21.2,10.4,5.54,2.58,6.8
1189,Uganda,2000,Male,46.8,41.36,27.9,11.0,22.06,5.73,37.1
1190,Uganda,2000,Female,50.75,43.7,24.2,11.3,5.61,3.0,13.2
1192,Ukraine,2015,Male,67.21,60.1,36.6,42.0,17.01,4.43,43.8
1193,Ukraine,2015,Female,76.96,67.3,16.9,6.8,4.49,1.12,10.7
1195,Ukraine,2010,Male,65.2,58.51,40.4,48.9,22.31,4.94,49.3
1196,Ukraine,2010,Female,75.1,65.81,20.0,8.4,6.34,1.23,12.1
1198,Ukraine,2000,Male,62.06,55.54,46.1,65.1,20.85,12.96,62.2
1199,Ukraine,2000,Female,73.24,64.07,23.8,12.3,5.44,2.92,15.3
1201,United Arab Emirates,2015,Male,74.25,65.26,17.5,3.6,4.7,0.23,36.5
1202,United Arab Emirates,2015,Female,77.84,65.72,15.7,0.7,0.8,0.35,0.9
1204,United Arab Emirates,2010,Male,73.86,64.91,18.4,3.8,3.86,0.26,37.9
1205,United Arab Emirates,2010,Female,77.39,65.25,17.0,0.7,0.64,0.4,1.0
1207,United Arab Emirates,2000,Male,72.2,63.7,22.0,4.2,3.35,0.39,42.3
1208,United Arab Emirates,2000,Female,75.06,63.76,20.6,1.1,0.51,0.7,1.3
1210,United Kingdom of Great Britain and Northern Ireland,2015,Male,78.93,69.03,13.3,13.1,17.4,0.29,23.2
1211,United Kingdom of Great Britain and Northern Ireland,2015,Female,82.34,70.3,9.2,4.5,5.28,0.23,19.4
1213,United Kingdom of Great Britain and Northern Ireland,2010,Male,78.34,68.68,14.6,11.9,18.71,0.31,27.0
1214,United Kingdom of Great Britain and Northern Ireland,2010,Female,82.09,70.18,9.8,3.9,5.74,0.24,23.9
1216,United Kingdom of Great Britain and Northern Ireland,2000,Male,75.49,66.5,20.0,13.7,21.38,0.58,36.5
1217,United Kingdom of Great Britain and Northern Ireland,2000,Female,80.09,68.57,12.9,4.8,6.61,0.41,33.9
1219,United Republic of Tanzania,2015,Male,63.38,55.86,18.5,7.6,18.44,3.36,25.5
1220,United Republic of Tanzania,2015,Female,67.26,57.58,17.5,3.2,4.02,2.25,3.5
1222,United Republic of Tanzania,2010,Male,60.02,52.93,18.4,7.5,16.31,3.32,29.7
1223,United Republic of Tanzania,2010,Female,62.63,53.71,17.6,3.1,3.52,2.23,4.3
1225,United Republic of Tanzania,2000,Male,51.28,45.01,21.8,10.0,14.4,3.81,40.7
1226,United Republic of Tanzania,2000,Female,53.61,45.84,20.6,3.8,3.11,2.39,6.5
1228,United States of America,2015,Male,76.31,65.58,17.2,23.0,15.22,0.97,31.9
1229,United States of America,2015,Female,80.8,67.53,11.6,7.1,4.61,0.82,20.2
1231,United States of America,2010,Male,76.27,65.7,17.4,20.7,14.54,0.97,33.9
1232,United States of America,2010,Female,80.8,67.74,11.7,5.9,4.38,0.84,21.8
1234,United States of America,2000,Male,74.12,64.58,21.6,17.9,14.33,0.85,38.6
1235,United States of America,2000,Female,79.17,66.96,14.6,4.9,4.29,0.57,25.9
1237,Uruguay,2015,Male,73.31,65.32,21.8,31.4,10.97,0.55,27.6
1238,Uruguay,2015,Female,80.56,69.64,12.9,8.2,3.4,0.27,20.4
1240,Uruguay,2010,Male,72.54,64.87,23.4,26.3,11.22,0.54,32.5
1241,Uruguay,2010,Female,80.05,69.33,12.4,7.5,3.39,0.27,24.0
1243,Uruguay,2000,Male,70.82,63.48,27.8,29.4,12.84,0.83,44.5
1244,Uruguay,2000,Female,78.8,68.39,14.1,6.1,3.79,0.33,33.5
1246,Uzbekistan,2015,Male,68.98,62.16,30.1,10.0,4.45,1.63,24.3
1247,Uzbekistan,2015,Female,73.92,64.77,20.0,4.8,0.79,0.56,1.3
1249,Uzbekistan,2010,Male,67.51,60.81,31.5,8.3,5.17,1.77,26.2
1250,Uzbekistan,2010,Female,72.91,63.89,21.7,3.6,0.93,0.6,1.3
1252,Uzbekistan,2000,Male,62.4,56.28,34.4,11.3,9.78,1.88,30.8
1253,Uzbekistan,2000,Female,68.23,59.94,24.3,4.0,1.75,0.59,1.4
1255,Vanuatu,2015,Male,62.02,55.93,27.6,6.8,3.55,1.34,46.7
1256,Vanuatu,2015,Female,67.68,59.02,19.6,2.3,0.74,0.37,3.5
1258,Vanuatu,2010,Male,61.9,55.92,28.2,7.5,2.81,1.52,50.5
1259,Vanuatu,2010,Female,67.5,58.94,21.1,2.6,0.58,0.42,3.9
1261,Vanuatu,2000,Male,61.35,55.29,30.8,10.2,1.91,1.96,59.1
1262,Vanuatu,2000,Female,66.94,58.57,24.4,4.3,0.4,0.57,5.0
1264,Yemen,2015,Male,65.41,57.93,33.3,11.4,0.094,4.75,34.0
1265,Yemen,2015,Female,69.58,58.84,28.2,5.7,0.013999999999999999,2.71,10.3
1267,Yemen,2010,Male,65.88,58.41,34.5,11.8,0.3,5.4,36.9
1268,Yemen,2010,Female,69.58,58.87,29.4,5.7,0.047,3.01,12.2
1270,Yemen,2000,Male,60.86,54.1,35.7,9.2,1.36,8.43,44.2
1271,Yemen,2000,Female,64.69,54.9,30.5,4.2,0.21,3.9,17.5
1273,Zambia,2015,Male,57.93,51.07,18.6,8.7,11.2,3.92,26.1
1274,Zambia,2015,Female,63.02,54.32,17.6,3.5,2.75,2.22,4.8
1276,Zambia,2010,Male,54.27,47.91,19.8,9.0,8.83,4.48,27.8
1277,Zambia,2010,Female,59.06,50.96,20.0,3.6,2.17,2.63,5.6
1279,Zambia,2000,Male,43.69,38.63,21.8,11.8,6.59,5.72,31.9
1280,Zambia,2000,Female,45.24,39.3,24.4,4.6,1.62,3.07,7.9
1282,Zimbabwe,2015,Male,55.73,49.62,18.6,15.5,8.43,2.33,27.5
1283,Zimbabwe,2015,Female,60.96,52.59,19.9,6.0,1.72,2.41,1.5
1285,Zimbabwe,2010,Male,49.58,44.25,20.5,18.1,6.71,2.62,29.4
1286,Zimbabwe,2010,Female,53.21,46.12,21.5,6.1,1.39,2.49,1.9
1288,Zimbabwe,2000,Male,45.15,40.39,21.6,20.6,4.16,3.75,33.7
1289,Zimbabwe,2000,Female,48.12,41.77,21.7,5.5,0.88,3.15,2.9
